,file_name_top,file_name_side,nose_coordinate_top,ear_coordinate_top,hip_coordinate_top,tail_coordinate_top,left_top_coordinate_top,left_bottom_coordinate_top,right_top_coordinate_top,right_bottom_coordinate_top,nose_coordinate_side,ear_coordinate_side,hip_coordinate_side,tail_coordinate_side,left_top_coordinate_side,left_bottom_coordinate_side,right_top_coordinate_side,right_bottom_coordinate_side,nose_hip_top,nose_tail_top,ear_hip_top,ear_tail_top,nose_hip_side,nose_tail_side,ear_hip_side,ear_tail_side,length,weight,predict_length,predict_weight
0,21_top_0_20210609_0.jpg,21_side_0_20210609_0.jpg,"[2416, 348]","[2332, 667]","[1516, 862]","[1484, 980]","[1157, 1511]","[1114, 2571]","[2646, 1553]","[2625, 2630]",,"[2290, 403]","[1543, 707]","[1516, 621]","[1055, 1216]","[755, 2432]","[2759, 1243]","[3059, 2453]",1.6632368989402069,1.6126526815341642,1.819553641928184,1.7591743737564045,,,1.856375009299843,1.751146524611838,21,0.0,,
1,22_top_0_20210609_0.jpg,22_side_0_20210609_0.jpg,,"[1725, 1300]","[1669, 2455]","[1581, 2407]","[1284, 1075]","[136, 1107]","[1340, 2656]","[168, 2744]","[1106, 914]","[1286, 757]","[2386, 841]","[2320, 920]","[1028, 1238]","[859, 2344]","[2572, 1148]","[2843, 2224]",,,1.3589219904946754,1.4257797640598229,1.1061584072444253,1.1839283975074897,1.266531214202634,1.370196290169575,22,0.0,,
2,23_top_0_20210609_0.jpg,23_side_0_20210609_0.jpg,"[1004, 763]","[1340, 926]","[2374, 901]","[2242, 1088]","[1142, 1376]","[1118, 2350]","[2506, 1388]","[2506, 2380]","[968, 673]","[1400, 914]","[2440, 715]","[2368, 811]","[1040, 1214]","[757, 2302]","[2656, 1184]","[2939, 2284]",0.9848717884301909,1.0903709982665837,1.3085330032064255,1.4989891065408845,0.9218013209768768,0.9925942903698206,1.3726939507506215,1.4926790997102513,23,0.0,26.321231946837425,
3,25_top_0_20210609_0.jpg,25_side_0_20210609_0.jpg,"[1028, 974]","[1454, 944]","[2488, 865]","[2494, 980]","[1190, 1394]","[1160, 2344]","[2494, 1388]","[2536, 2350]","[956, 1010]","[1400, 877]","[2446, 980]","[2428, 938]","[1076, 1394]","[920, 2440]","[2506, 1358]","[2741, 2356]",0.8681805993091521,0.8683106533583999,1.2259341241131536,1.2227662229663092,0.861292183952493,0.864652103404204,1.2042302792564288,1.2174466202972185,25,0.0,26.321231946837425,
4,25_top_1336_20210610_0.jpg,25_side_1336_20210610_0.jpg,"[2855, 745]","[2482, 829]","[1496, 1076]","[1316, 1118]","[1208, 1514]","[1208, 2626]","[2698, 1490]","[2765, 2572]","[2728, 697]","[2458, 805]","[1496, 865]","[1304, 889]","[1166, 1190]","[992, 2224]","[2614, 1226]","[2771, 2272]",1.0646695642140829,0.9401373185992598,1.4669321746886497,1.240499998376424,1.0748813895875475,0.9296431112136896,1.3848010629104963,1.1561855103679082,25,13.36,26.321231946837425,13.457846695880997
5,26_top_0_20210609_0.jpg,26_side_0_20210609_0.jpg,"[1028, 1346]","[1292, 1172]","[2398, 1118]","[2296, 1262]","[1202, 1575]","[1196, 2458]","[2428, 1551]","[2470, 2440]","[865, 1070]","[1304, 751]","[2422, 787]","[2374, 907]","[1064, 1292]","[853, 2374]","[2572, 1250]","[2819, 2308]",0.8786233918652984,0.9545284695902422,1.0875333747455969,1.2052373277619246,0.8644873137615092,0.9122048630711544,1.157322400691924,1.23631808502563,26,0.0,26.81789332825006,
6,26_top_0_20210609_1.jpg,26_side_0_20210609_1.jpg,"[1106, 745]","[1400, 938]","[2530, 992]","[2518, 1064]","[1058, 1521]","[1040, 2506]","[2458, 1502]","[2470, 2512]","[1262, 950]","[1557, 956]","[2554, 974]","[2566, 1040]","[1124, 1478]","[907, 2512]","[2560, 1418]","[2831, 2452]",0.9687442575524744,0.9775501332546968,1.223852511018818,1.2373647546680355,0.9351226289892676,0.9384954069069325,1.211973467126698,1.2086058369781745,26,0.0,26.81789332825006,
7,26_top_0_20210610_0.jpg,26_side_0_20210610_0.jpg,"[2867, 763]","[2392, 865]","[1148, 901]","[1088, 1058]","[1028, 1364]","[1028, 2386]","[2482, 1376]","[2452, 2386]","[3083, 631]","[2566, 553]","[992, 673]","[1184, 823]","[962, 1076]","[535, 2344]","[2795, 1142]","[3107, 2440]",0.8559227474751872,0.826527466081957,1.1810841670402836,1.127026569271349,0.7535698499050905,0.8633714710760931,0.9856117658180552,1.1663799586826842,26,0.0,27.67434953870188,
8,27_top_0_20210609_0.jpg,27_side_0_20210609_0.jpg,"[853, 853]","[1268, 986]","[2470, 775]","[2482, 877]","[968, 1527]","[883, 2554]","[2386, 1611]","[2344, 2638]","[1028, 781]","[1442, 757]","[2566, 631]","[2554, 703]","[1058, 1286]","[775, 2374]","[2614, 1274]","[2861, 2362]",0.8630934058460235,0.8548075006250568,1.1737233084438363,1.157256273961209,0.8300335177105819,0.84773213899028,1.1407992888348364,1.1624851571575132,27,0.0,27.67434953870188,
9,27_top_0_20210611_0.jpg,27_side_0_20210611_0.jpg,"[992, 877]","[1328, 962]","[2254, 1010]",,"[1232, 1424]","[1238, 2188]","[2302, 1400]","[2326, 2164]","[1148, 781]","[1448, 769]","[2320, 823]","[2278, 895]","[1268, 1178]","[1154, 1881]","[2386, 1214]","[2458, 1911]",0.8414960400737757,,1.1463022070216162,,0.8655220275437512,0.906572680181818,1.1586239834347003,1.2255270769826991,27,0.0,,
10,28_top_0_20210609_0.jpg,28_side_0_20210609_0.jpg,"[2422, 565]","[2302, 865]","[1412, 895]",,"[1184, 1262]","[1178, 2284]","[2626, 1244]","[2650, 2284]",,"[2266, 871]","[1448, 974]","[1400, 877]","[1160, 1250]","[926, 2254]","[2656, 1250]","[2861, 2272]",1.409109736915871,,1.6077515869839578,,,,1.6560862846548186,1.539093598558421,28,0.0,,
11,28_top_0_20210609_1.jpg,28_side_0_20210609_1.jpg,"[2422, 631]","[2121, 841]","[1064, 865]","[1076, 962]","[1190, 1322]","[1142, 2236]","[2464, 1370]","[2428, 2260]","[2524, 529]","[2194, 559]","[956, 763]","[1022, 841]","[1094, 1196]","[907, 2350]","[2716, 1154]","[3041, 2272]",0.9418460654120294,0.9539150494153136,1.2029835941252394,1.2223860776004218,0.8702556363224245,0.9172362461467964,1.096287018806496,1.1633413972969708,28,0.0,27.67434953870188,
12,28_top_0_20210609_2.jpg,28_side_0_20210609_2.jpg,"[2410, 553]","[2272, 859]","[1448, 938]",,"[1196, 1262]","[1172, 2284]","[2626, 1250]","[2662, 2296]",,"[2266, 877]","[1442, 980]","[1400, 877]","[1148, 1244]","[920, 2272]","[2638, 1250]","[2867, 2272]",1.453339592851956,,1.709181917399813,,,,1.634374459542253,1.530051772464169,28,0.0,,
13,29_top_0_20210609_0.jpg,29_side_0_20210609_0.jpg,"[1040, 871]","[1364, 1034]","[2518, 841]","[2470, 938]","[1256, 1352]","[1202, 2302]","[2590, 1394]","[2572, 2356]","[1040, 895]",,"[1352, 944]","[2518, 799]","[1184, 1340]","[895, 2422]","[2759, 1346]","[3011, 2452]",0.8909041575423133,0.9200873723153662,1.150253877109552,1.1981115704889944,4.563929706341041,0.896597213744288,,,29,0.0,,
14,29_top_0_20210609_1.jpg,29_side_0_20210609_1.jpg,"[883, 727]","[1220, 962]","[2548, 962]","[2398, 1052]","[1208, 1508]","[1178, 2584]","[2650, 1502]","[2722, 2560]","[1112, 589]","[1358, 637]","[2482, 733]","[2422, 805]","[1274, 1088]","[1064, 1935]","[2626, 1118]","[2807, 1977]",0.8321131619590995,0.9207541626859028,1.0467081095197583,1.1861774182552538,0.8436777250994757,0.899632974886262,1.0327291629982565,1.1090492922425186,29,0.0,29.45609952016347,
15,29_top_0_20210611_0.jpg,29_side_0_20210611_0.jpg,"[829, 679]","[1166, 932]","[2662, 817]","[2626, 901]","[1016, 1521]","[1076, 2632]","[2554, 1406]","[2650, 2518]","[1166, 589]","[1521, 613]","[2747, 697]","[2662, 799]","[1226, 1172]","[1118, 2248]","[2710, 1154]","[2939, 2200]",0.8352463962044294,0.8556920858677012,1.0155453462302222,1.0453529634963514,0.8375451772244129,0.9013821714956376,1.0800349150695554,1.1789890787298607,29,0.0,29.45609952016347,
16,30_top_0_20210609_0.jpg,30_side_0_20210609_0.jpg,"[1034, 439]","[1154, 841]","[2686, 895]","[2638, 950]","[1130, 1454]","[1100, 2512]","[2602, 1466]","[2614, 2518]",,"[1148, 619]","[2650, 733]","[2542, 841]","[1052, 1250]","[787, 2476]","[2734, 1262]","[3029, 2476]",0.8700902810249302,0.8966943189756433,0.9452100680088128,0.9762017102289952,,,0.9433276241374268,1.038925381225363,30,0.0,,
17,30_top_0_20210611_0.jpg,30_side_0_20210611_0.jpg,"[776, 1115]","[681, 934]","[709, 443]","[659, 466]","[469, 469]","[98, 475]","[485, 972]","[124, 994]","[1117, 237]","[977, 318]","[439, 256]","[448, 297]","[415, 465]","[332, 885]","[1001, 465]","[1072, 883]",0.7293953368392545,0.7551389776420988,1.0081614081292078,1.055670283572099,0.747207969340665,0.7718846469678913,0.966718669950351,0.9977808690642757,30,0.0,30.37563711632407,
18,31_top_0_20210609_0.jpg,31_side_0_20210609_0.jpg,"[571, 1034]","[1088, 974]","[2422, 1226]",,"[1034, 1490]","[980, 2464]","[2404, 1551]","[2362, 2536]","[661, 950]","[1184, 920]","[2608, 1022]","[2494, 1094]","[1040, 1388]","[787, 2440]","[2542, 1376]","[2771, 2428]",0.7354871714161904,,1.0157571076047296,,0.6793595690632187,0.7332382129090209,0.919656750309458,1.0127409908632994,31,0.0,,
19,31_top_0_20210609_1.jpg,31_side_0_20210609_1.jpg,"[1190, 649]","[1490, 853]","[2440, 974]","[2518, 944]","[1160, 1394]","[1124, 2380]","[2542, 1412]","[2542, 2404]","[1166, 667]","[1436, 709]","[2476, 847]",,"[1034, 1184]","[769, 2236]","[2572, 1238]","[2801, 2260]",1.083818292878958,1.0201631538958589,1.4324330293224898,1.3241711763487996,1.0079106237173217,,1.2710193942295478,,31,0.0,,
20,31_top_0_20210610_0.jpg,31_side_0_20210610_0.jpg,"[679, 733]","[1184, 757]","[2921, 775]","[2759, 895]","[1184, 1292]","[1130, 2452]","[2783, 1340]","[2789, 2476]","[535, 619]","[998, 445]","[2867, 583]","[2759, 703]","[907, 1028]","[379, 2356]","[2849, 1118]","[3275, 2452]",0.7004648366009169,0.756035815718905,0.9044991158938516,0.998003600041138,0.6887492601898937,0.7438172633463139,0.8233348299555926,0.8991148187749786,31,0.0,31.22867789308586,
21,37_top_0_20210609_0.jpg,37_side_0_20210609_0.jpg,"[901, 685]","[1256, 907]","[2536, 583]",,"[1160, 1466]","[1118, 2464]","[2500, 1502]","[2500, 2464]","[907, 757]","[1190, 914]","[2476, 685]",,"[1052, 1412]","[847, 2542]","[2566, 1442]","[2747, 2560]",0.7989993687074746,,1.0291057078788957,,0.8098421826665151,,1.0136878238593,,37,0.0,,
22,40_top_0_20210609_0.jpg,40_side_0_20210609_0.jpg,"[1733, 995]","[1677, 1412]","[1829, 2696]",,"[987, 1324]","[96, 1284]","[963, 2455]","[96, 2495]","[956, 871]","[1394, 781]","[2728, 805]",,"[1202, 1490]","[950, 2464]","[2638, 1533]","[2903, 2530]",0.6216134989721859,,0.8270253084106303,,0.6101437207069715,,0.792848764539573,,40,0.0,,
23,40_top_0_20210611_0.jpg,40_side_0_20210611_0.jpg,"[2951, 673]","[2596, 974]","[1100, 1010]","[1118, 1136]","[1268, 1695]","[1280, 2572]","[2476, 1659]","[2524, 2548]","[2807, 685]","[2572, 727]","[1058, 817]","[1052, 926]","[1118, 1346]","[883, 2272]","[2500, 1358]","[2710, 2260]",0.6319134744218319,0.6383028095601733,0.7892001377551654,0.7982409902470302,0.6262315505702357,0.6420858760684973,0.7271179687301242,0.742795644308887,40,0.0,39.68390926870098,
24,41_top_0_20210611_0.jpg,41_side_0_20210611_0.jpg,"[3293, 962]","[2921, 1148]","[1076, 1082]","[1094, 1166]","[1376, 1587]","[1400, 2452]","[2578, 1539]","[2638, 2434]","[3432, 829]","[2999, 697]","[974, 643]","[944, 775]","[1142, 1238]","[805, 2218]","[2638, 1310]","[2777, 2338]",0.532469011692456,0.5367674728220612,0.6442425923587973,0.6501292859123038,0.4991556098046588,0.5111996234751217,0.5976721678834417,0.6089736520834558,41,0.0,45.12320047274215,
25,42_top_0_20210609_0.jpg,42_side_0_20210609_0.jpg,"[1058, 739]","[1220, 938]","[2512, 950]","[2530, 1034]","[1340, 1569]","[1310, 2350]","[2404, 1593]","[2404, 2356]","[914, 547]","[1124, 649]","[2650, 661]","[2644, 781]","[1172, 1346]","[1028, 2368]","[2566, 1358]","[2710, 2386]",0.7110438541094031,0.7027959512872274,0.8048090443948981,0.7940204021154321,0.6828903277717365,0.6962190520837158,0.7851375126294825,0.7991968404820641,42,0.0,42.32662430971276,
26,42_top_0_20210610_0.jpg,42_side_0_20210610_0.jpg,"[679, 769]","[1076, 871]","[2656, 769]","[2590, 877]","[1364, 1527]","[1340, 2290]","[2428, 1551]","[2428, 2326]","[667, 781]","[1052, 709]","[2650, 721]","[2572, 817]","[1244, 1430]","[1094, 2344]","[2572, 1412]","[2734, 2344]",0.5261291218607698,0.5449582011287161,0.6599605480679801,0.6891704954357257,0.5542139120140416,0.5878424271160267,0.6819071123443631,0.7292992426154267,42,0.0,42.99070815987226,
27,43_top_0_20210609_0.jpg,43_side_0_20210609_0.jpg,"[787, 1208]","[1010, 889]","[2422, 877]",,"[1196, 1665]","[1184, 2560]","[2386, 1611]","[2464, 2506]","[968, 1082]","[1208, 685]","[2837, 577]","[2759, 685]","[1256, 1508]","[1088, 2446]","[2608, 1502]","[2843, 2446]",0.6853255305548149,,0.7901405249239811,,0.5649278428872595,0.6006637098784782,0.6012496078897007,0.6455270670709657,43,0.0,,
28,43_top_0_20210609_1.jpg,43_side_0_20210609_1.jpg,"[944, 829]","[1274, 968]","[2747, 667]","[2662, 805]","[1430, 1815]","[1406, 2614]","[2500, 1815]","[2530, 2620]","[889, 679]","[1256, 607]","[2722, 325]","[2692, 469]","[1292, 1502]","[1112, 2458]","[2626, 1557]","[2807, 2524]",0.553062729516503,0.5836034083453038,0.680818147676567,0.7256095536340298,0.5121548830818984,0.5372358581206027,0.6402105499028102,0.6704964485848371,43,0.0,44.127869144888834,
29,44_top_0_20210609_0.jpg,44_side_0_20210609_0.jpg,"[811, 998]","[1214, 901]","[2855, 889]","[2825, 1022]","[1304, 1749]","[1268, 2638]","[2452, 1743]","[2506, 2620]","[944, 1058]","[1340, 907]","[2855, 926]","[2843, 992]","[1346, 1587]","[1196, 2440]","[2626, 1641]","[2843, 2500]",0.5212146674786577,0.5328399923037059,0.646706089972203,0.6627582281030916,0.5271014292073093,0.5388609584753897,0.6460552367661497,0.6601379477230473,44,0.0,45.12320047274215,
30,44_top_0_20210611_0.jpg,44_side_0_20210611_0.jpg,"[2933, 974]","[2452, 1094]","[547, 859]","[577, 980]","[1004, 1707]","[1028, 2584]","[2218, 1653]","[2266, 2524]","[3059, 811]","[2518, 715]","[463, 613]","[475, 769]","[703, 1442]","[325, 2620]","[2314, 1382]","[2518, 2548]",0.5017646916651451,0.5078989781821953,0.6315582643416613,0.6408108717896038,0.4798724762964789,0.5011761891494021,0.6002020985459351,0.6245854380544401,44,0.0,46.29860759866174,
31,44_top_0_20210611_1.jpg,44_side_0_20210611_1.jpg,"[3149, 805]","[2855, 1076]","[1232, 1004]","[1244, 1070]","[1376, 1683]","[1388, 2524]","[2554, 1671]","[2590, 2518]","[2963, 721]","[2674, 661]","[1070, 793]","[1094, 853]","[1166, 1340]","[1016, 2230]","[2500, 1328]","[2704, 2182]",0.6019065947391071,0.6057201726668546,0.715771871765871,0.7209182275144157,0.5816542349660543,0.5966585414442075,0.6772183322966817,0.6954256071849375,44,0.0,44.127869144888834,
32,45_top_0_20210609_0.jpg,45_side_0_20210609_0.jpg,"[655, 1406]","[998, 1118]","[2446, 1022]","[2314, 1142]","[1424, 1773]","[1424, 2476]","[2374, 1749]","[2416, 2458]","[391, 1058]","[775, 811]","[2434, 769]","[2302, 847]","[1238, 1466]","[1088, 2284]","[2422, 1478]","[2566, 2296]",0.507189748627581,0.5508244662389634,0.6266463076766515,0.6945807864420905,0.4714376948477971,0.5122359767422697,0.5647773455725495,0.6256427569060381,45,0.0,46.08093173559816,
33,45_top_0_20210609_1.jpg,45_side_0_20210609_1.jpg,"[643, 1400]","[1004, 1112]","[2434, 1022]","[2314, 1154]","[1424, 1779]","[1424, 2488]","[2368, 1755]","[2410, 2452]","[355, 1046]","[757, 805]","[2422, 793]","[2290, 853]","[1232, 1454]","[1076, 2284]","[2428, 1484]","[2578, 2296]",0.5031905198960294,0.543164817123252,0.6295433139859372,0.6929917692321883,0.4701989708576745,0.5086014952621192,0.5680020819574413,0.6269227765592973,45,0.0,46.08093173559816,
34,45_top_0_20210609_2.jpg,45_side_0_20210609_2.jpg,"[1966, 658]","[1709, 1139]","[1821, 2913]","[1757, 2929]","[1244, 1364]","[313, 1332]","[1236, 2608]","[297, 2648]","[757, 835]","[1160, 1010]","[2765, 1034]","[2741, 1088]","[1274, 1406]","[1112, 2224]","[2530, 1454]","[2686, 2302]",0.5299197403227685,0.5274960645768231,0.6783866382858481,0.6737388992045161,0.5338558414049672,0.5465831891015774,0.6853689912517843,0.7018071301796752,45,0.0,44.791952995048334,
35,46_top_0_20210609_0.jpg,46_side_0_20210609_0.jpg,"[559, 877]","[1034, 968]","[2728, 968]","[2566, 1190]","[1172, 1527]","[1148, 2338]","[2326, 1575]","[2290, 2386]","[571, 793]","[956, 811]","[2722, 823]","[2662, 956]","[1160, 1406]","[1040, 2332]","[2458, 1382]","[2650, 2272]",0.5362794762621033,0.5761293017545907,0.687368342900234,0.7549817608342234,0.5104665694250929,0.539590707796409,0.6228672844370375,0.6603332858103618,46,0.0,45.12320047274215,
36,46_top_0_20210611_0.jpg,46_side_0_20210611_0.jpg,"[2927, 733]","[2608, 992]","[727, 847]","[841, 1022]","[1208, 1971]",,"[2290, 1989]",,"[2771, 577]","[2488, 511]","[607, 523]","[667, 637]","[835, 1514]","[535, 2512]","[2212, 1508]","[2302, 2524]",,,,,0.461704292227475,0.488967016174865,0.5263065348972077,0.5590922128562061,46,0.0,,
37,46_top_0_20210611_1.jpg,46_side_0_20210611_1.jpg,"[3372, 968]","[2921, 962]","[926, 950]",,"[1539, 1797]","[1557, 2596]","[2656, 1767]","[2698, 2596]","[3317, 877]","[2843, 709]","[938, 757]","[1100, 914]","[1352, 1508]","[1208, 2440]","[2668, 1539]","[2849, 2488]",0.4477598663945594,,0.5489341198923798,,0.4498832890227162,0.495955340523906,0.5465536810965893,0.6120881229330895,46,0.0,,
38,47_top_0_20210611_0.jpg,47_side_0_20210611_0.jpg,"[2993, 1016]","[2554, 1100]","[835, 1118]",,"[1166, 1743]","[1184, 2572]","[2332, 1707]","[2368, 2548]","[2969, 781]","[2542, 613]","[691, 769]",,"[920, 1352]","[697, 2386]","[2350, 1334]","[2536, 2320]",0.5336938571175979,,0.6711870113916829,,0.5266156981859166,,0.6303738403981195,,47,0.0,,
39,48_top_0_20210609_0.jpg,48_side_0_20210609_0.jpg,"[3071, 559]","[2596, 944]","[914, 1028]","[1076, 1154]","[1376, 1689]","[1442, 2512]","[2518, 1563]","[2614, 2404]","[3107, 114]","[2777, 679]","[889, 649]","[1010, 763]","[1220, 1508]","[1022, 2530]","[2620, 1502]","[2819, 2524]",0.5116272198317174,0.5505179053624532,0.6699309627725902,0.7364280272681687,0.4386382633578975,0.4796563310917718,0.568786946013535,0.619711289583344,48,0.0,46.08093173559816,
40,48_top_0_20210611_0.jpg,48_side_0_20210611_0.jpg,"[2831, 1010]","[2440, 1262]","[349, 968]","[427, 1298]","[871, 1803]","[871, 2674]","[2073, 1785]","[2097, 2656]","[2927, 697]","[2542, 595]","[258, 637]","[270, 775]","[541, 1346]","[90, 2416]","[2103, 1328]","[2182, 2416]",0.4755365324256473,0.4921836330866542,0.5672432107471408,0.5900530734183113,0.4576178283474748,0.4783397240165319,0.5280419735217358,0.5516027803911951,48,0.0,52.49159435039603,
41,49_top_0_20210609_0.jpg,49_side_0_20210609_0.jpg,"[727, 589]","[1088, 926]","[2698, 793]","[2710, 853]","[1521, 1743]","[1460, 2548]","[2602, 1791]","[2608, 2602]","[751, 511]","[1118, 829]","[2674, 865]","[2668, 914]","[1424, 1623]","[1202, 2488]","[2704, 1731]","[2867, 2638]",0.503780134206873,0.5019185871754402,0.6264924274757573,0.6229936767932372,0.4565339856936981,0.4655672714848227,0.5932357259776444,0.6034633717352625,49,0.0,48.7134564701131,
42,49_top_0_20210611_0.jpg,49_side_0_20210611_0.jpg,"[2602, 463]","[2368, 883]","[433, 980]","[457, 1142]","[1004, 1743]","[1028, 2632]","[2242, 1695]","[2278, 2602]","[2867, 433]","[2602, 463]","[721, 775]","[601, 721]","[944, 1310]","[571, 2398]","[2500, 1340]","[2620, 2506]",0.5611111693458305,0.5663853333787275,0.6343292830151877,0.6409090705872941,0.5886212134765659,0.5480343991700226,0.670415106143699,0.6202556828899233,49,0.0,45.34087633580572,
43,49_top_0_20210611_1.jpg,49_side_0_20210611_1.jpg,"[3289, 735]","[3198, 1144]","[1252, 930]","[1272, 1097]","[1497, 1718]","[1480, 2557]","[2658, 1718]","[2681, 2587]",,"[3293, 679]","[1172, 787]","[1088, 799]","[1208, 1388]","[920, 2476]","[2801, 1424]","[3107, 2524]",0.5499113400844214,0.5575800528936349,0.5800620503284539,0.588257314310061,,,0.5816912871905403,0.5606521870566464,49,0.0,,
44,50_top_0_20210609_0.jpg,50_side_0_20210609_0.jpg,"[782, 769]","[1329, 789]","[2802, 1027]","[2765, 1107]","[1520, 1681]","[1490, 2443]","[2530, 1705]","[2557, 2457]","[668, 728]","[1064, 826]","[2789, 953]","[2648, 1101]","[1316, 1628]","[1144, 2527]","[2601, 1658]","[2782, 2577]",0.4714149771784133,0.4822003322191578,0.6451044900873179,0.6638648862311274,0.4636008607117458,0.517980182795171,0.5759587578639287,0.6498369621632858,50,0.0,47.89964265645645,
45,50_top_0_20210609_2.jpg,50_side_0_20210609_2.jpg,"[2060, 609]","[1961, 1196]","[2172, 2888]","[2288, 2893]","[878, 1254]","[49, 1263]","[922, 2333]","[125, 2387]","[906, 668]","[1342, 701]","[2705, 735]",,"[1369, 1685]","[1309, 2494]","[2460, 1681]","[2621, 2473]",0.4430012150196287,0.4397322839850466,0.5978056103503799,0.593230263010941,0.4565953741268419,,0.6043075974342537,,50,0.0,,
46,50_top_1504_20210609_1.jpg,50_side_1504_20210609_1.jpg,"[3239, 963]","[2839, 926]","[1044, 1087]","[1027, 997]",,"[1376, 2494]","[2332, 1836]","[2329, 2517]","[3148, 1017]","[2732, 943]","[1222, 1014]","[1228, 899]","[1480, 1822]","[1393, 2524]","[2426, 1873]","[2477, 2574]",,,,,0.4068363111256897,0.4003028324578387,0.514819507184869,0.5082960280680429,50,15.04,,
47,51_top_0_20210609_0.jpg,51_side_0_20210609_0.jpg,"[772, 1114]","[1094, 1416]","[2705, 1410]","[2668, 1493]","[2165, 2490]","[2175, 1822]","[1238, 2450]","[1289, 1789]","[913, 1171]","[1201, 1302]","[2608, 1275]","[2634, 1339]","[2359, 2413]","[2235, 1819]","[1201, 2443]","[1289, 1856]",0.4386604461191418,0.447755680101954,0.5358752397041164,0.548503601467472,0.4293782179630585,0.4297653801519477,0.533640905703176,0.5308439868931024,51,0.0,52.94508738202475,
48,51_top_0_20210611_0.jpg,51_side_0_20210611_0.jpg,"[883, 1027]","[1252, 1198]","[3427, 1047]","[3359, 1312]","[1591, 1802]","[1591, 2698]","[2836, 1812]","[2873, 2728]","[973, 1118]","[1275, 799]","[3406, 909]","[3296, 1077]","[1507, 1473]","[1289, 2389]","[2920, 1520]","[3161, 2504]",0.4771626550703164,0.4936454513885673,0.5590061893493921,0.580737422366595,0.4846105062245712,0.5249636558301177,0.5159885985383306,0.5639000841337205,51,0.0,52.49159435039603,
49,52_top_0_20210609_0.jpg,52_side_0_20210609_0.jpg,"[601, 628]","[943, 980]","[2819, 795]","[2728, 940]","[1312, 1594]","[1262, 2494]","[2510, 1641]","[2507, 2514]","[621, 621]","[933, 782]","[2742, 695]","[2705, 812]","[1235, 1336]","[1057, 2302]","[2584, 1416]","[2739, 2383]",0.518712788282281,0.5420930572375803,0.6207205263265014,0.6530973359526104,0.5209367933331587,0.5420216618401459,0.6245595541174898,0.6494166251335186,52,0.0,50.90870059810288,
50,52_top_0_20210609_1.jpg,52_side_0_20210609_1.jpg,"[587, 641]","[943, 993]","[2812, 822]","[2732, 943]","[1316, 1594]","[1262, 2490]","[2510, 1651]","[2504, 2514]","[618, 604]","[923, 775]","[2759, 685]","[2712, 816]","[1242, 1336]","[1061, 2292]","[2584, 1426]","[2739, 2376]",0.5152056775635876,0.5353456136709194,0.6212333282309245,0.6495073994161633,0.5072843061145486,0.5321894675253002,0.6063453327456688,0.6356860466661886,52,0.0,51.12637646116646,
51,53_top_0_20210609_0.jpg,53_side_0_20210609_0.jpg,"[950, 651]","[1037, 1061]","[2702, 846]",,"[1403, 1634]","[1399, 2386]","[2400, 1614]","[2450, 2349]",,"[896, 930]","[2853, 752]",,"[1242, 1510]","[1064, 2490]","[2591, 1567]","[2779, 2541]",0.5348714991984139,,0.5672902504359982,,,,0.5549288253491499,,53,0.0,,
52,53_top_0_20210611_0.jpg,53_side_0_20210611_0.jpg,"[2873, 785]","[2577, 1212]","[416, 920]",,"[1067, 1769]","[1071, 2584]","[2205, 1742]","[2235, 2564]","[2668, 698]","[2410, 866]","[450, 735]","[497, 906]","[869, 1446]","[644, 2282]","[2091, 1403]","[2178, 2235]",0.4512905991081753,,0.5184891665494189,,0.4307046123050151,0.4586396558483464,0.5013442086310578,0.532359161378501,53,0.0,,
53,53_top_1050_20210609_1.jpg,53_side_1050_20210609_1.jpg,"[738, 681]","[1057, 963]","[2849, 963]","[2708, 1148]","[1524, 2030]",,"[2450, 2057]",,"[977, 644]","[1205, 738]","[2886, 822]","[2832, 685]","[1561, 1759]","[1450, 2510]","[2638, 1829]","[2779, 2598]",,,,,0.3825119477447302,0.3791034500373856,0.4409104930048643,0.4402458040307616,53,10.5,,
54,54_top_1078_20210609_0.jpg,54_side_1078_20210609_0.jpg,"[1621, 757]","[1554, 1173]","[1894, 2969]","[1711, 2812]","[878, 1487]","[210, 1478]","[860, 2396]","[193, 2400]","[829, 1020]","[1252, 990]","[2839, 846]","[2802, 933]","[1490, 1806]","[1440, 2541]","[2473, 1826]","[2601, 2537]",0.4032479398488564,0.4348222551427017,0.4975066326507527,0.5458285513679237,0.3767136419360039,0.3905084601802887,0.4776039904132427,0.4962643142382786,54,10.78,55.91906396603242,13.457846695880997
55,55_top_0_20210611_0.jpg,55_side_0_20210611_0.jpg,"[2675, 930]","[2346, 1302]","[211, 1107]","[302, 1363]","[886, 1913]",,"[2030, 1920]",,"[2873, 1081]","[2447, 1111]","[299, 859]","[319, 1054]","[742, 1584]","[356, 2581]","[2138, 1554]","[2208, 2567]",,,,,0.42789607424105,0.4542360160487458,0.5183253987713187,0.5479372062933805,55,0.0,,
56,56_top_0_20210609_0.jpg,56_side_0_20210609_0.jpg,"[3000, 923]","[2651, 1037]","[926, 950]","[997, 1107]","[1336, 1856]","[1369, 2510]","[2225, 1806]","[2279, 2453]","[2970, 775]","[2655, 644]","[920, 594]","[993, 762]","[1185, 1483]","[1101, 2205]","[2292, 1436]","[2467, 2128]",0.4157082014016973,0.4298271112729278,0.5029169272606365,0.5229615518606526,0.4004167508043119,0.432351578460741,0.4613126474770767,0.4996780298443077,56,0.0,55.91906396603242,
57,56_top_0_20210609_1.jpg,56_side_0_20210609_1.jpg,"[779, 883]","[1138, 963]","[2718, 842]","[2722, 960]","[1379, 1846]","[1356, 2497]","[2265, 1856]","[2269, 2490]","[936, 822]","[1272, 775]","[2742, 711]","[2742, 846]","[1443, 1712]","[1366, 2423]","[2413, 1745]","[2510, 2440]",0.4358776462359562,0.4359725798924712,0.5366387909266241,0.5360717777773789,0.4038114076084149,0.4142665158015591,0.4937270912548826,0.5043442762326735,56,0.0,55.91906396603242,
58,56_top_0_20210611_0.jpg,56_side_0_20210611_0.jpg,"[3339, 748]","[3034, 1050]","[1114, 903]",,"[1483, 1799]","[1493, 2581]","[2571, 1765]","[2614, 2567]","[3440, 809]","[3202, 829]","[1272, 792]","[1299, 950]","[1497, 1567]","[1363, 2467]","[2799, 1604]","[2987, 2547]",0.4711502649267545,,0.5514091354979763,,0.4738293783669757,0.4946903056886517,0.534162733054329,0.5569295723004636,56,0.0,,
59,57_top_0_20210609_0.jpg,57_side_0_20210609_0.jpg,"[2832, 356]","[2675, 829]","[920, 513]",,"[1235, 1819]","[1259, 2598]","[2296, 1759]","[2349, 2534]","[2796, 305]","[2658, 601]","[1000, 255]",,"[1081, 1567]","[893, 2567]","[2460, 1547]","[2698, 2510]",0.5279870858713317,,0.5872282392436915,,0.458041354580441,,0.5352435526016044,,57,0.0,,
60,57_top_0_20210610_0.jpg,57_side_0_20210610_0.jpg,"[691, 711]","[852, 1084]","[2675, 1077]","[2604, 1242]","[1547, 1681]","[1520, 2245]","[2346, 1702]","[2329, 2275]",,"[765, 624]","[2685, 607]","[2769, 735]","[1463, 1537]","[1309, 2212]","[2561, 1581]","[2678, 2279]",0.3934961748291009,0.4077582825244252,0.4326903809699741,0.4496747550519364,,,0.3776189348955022,0.3772078063128922,57,0.0,,
61,58_top_0_20210609_0.jpg,58_side_0_20210609_0.jpg,"[318, 154]","[452, 391]","[1119, 412]","[1118, 378]","[544, 686]","[537, 979]","[946, 692]","[946, 980]","[396, 204]","[473, 307]","[1125, 378]","[1125, 352]","[529, 657]","[468, 978]","[998, 658]","[1073, 976]",0.4882808809969863,0.4885954027664769,0.592243874892463,0.5929519628679317,0.4319192290633748,0.4236874580236536,0.512034794119884,0.5040024150946716,58,0.0,55.91906396603242,
62,58_top_0_20210609_1.jpg,58_side_0_20210609_1.jpg,"[1007, 691]","[1205, 913]","[2762, 862]","[2725, 993]","[1460, 1648]","[1473, 2332]","[2383, 1604]","[2436, 2275]","[1040, 758]","[1252, 933]","[2816, 829]","[2752, 950]","[1416, 1574]","[1366, 2353]","[2500, 1564]","[2651, 2322]",0.5005013332709024,0.5157015584110678,0.5649585611109762,0.5834460438116661,0.4969544685366506,0.5279316655660311,0.5764740282190747,0.6132304294060643,58,0.0,52.49159435039603,
63,60_top_1326_20210609_1.jpg,60_side_1326_20210609_1.jpg,"[3182, 765]","[2957, 859]","[973, 678]","[930, 886]","[1493, 1913]","[1467, 2634]","[2463, 1933]","[2470, 2651]","[3269, 705]","[2859, 634]","[1282, 591]","[1198, 708]","[1665, 1712]","[1597, 2470]","[2745, 1738]","[2893, 2520]",0.4140323810898344,0.4088790754803648,0.4618931112945361,0.4549934476668452,0.3918013521330513,0.3836563796956017,0.4882682083288329,0.4704726299111469,60,13.26,60.60896871462251,13.707725080048043
64,60_top_1326_20210609_2.jpg,60_side_1326_20210609_2.jpg,"[3171, 792]","[2963, 873]","[973, 654]","[933, 889]","[1497, 1906]","[1467, 2634]","[2457, 1936]","[2467, 2651]","[3272, 715]","[2836, 661]","[1279, 537]","[1201, 711]","[1671, 1712]","[1597, 2470]","[2745, 1735]","[2896, 2520]",0.4063923502538546,0.4027921207661716,0.4499171245724971,0.4448690026718874,0.3787378733020963,0.3765868968922365,0.4829663181234798,0.4707806062986452,60,13.26,60.60896871462251,13.707725080048043
65,60_top_1410_20210609_0.jpg,60_side_1410_20210609_0.jpg,"[191, 1014]","[624, 1248]","[2584, 1480]",,"[1356, 1910]","[1342, 2641]","[2343, 1896]","[2363, 2621]","[339, 846]","[708, 983]","[2574, 1235]",,"[1373, 1769]","[1302, 2611]","[2480, 1795]","[2658, 2591]",0.4017521843108472,,0.4916851207818225,,0.4076721995616728,,0.4913735982742947,,60,14.1,,
66,62_top_0_20210609_0.jpg,62_side_0_20210609_0.jpg,"[769, 1195]","[990, 1430]","[2732, 1175]",,"[1416, 1765]","[1379, 2366]","[2225, 1785]","[2228, 2389]","[591, 1195]","[826, 1248]","[2903, 1030]","[2822, 1191]","[1316, 1759]","[1175, 2541]","[2436, 1765]","[2587, 2554]",0.3924994327843712,,0.4487113872159753,,0.3784830643437272,0.407152252445021,0.4275081160543285,0.4597657749742717,62,0.0,,
67,62_top_1366_20210609_1.jpg,62_side_1366_20210609_1.jpg,"[3088, 661]","[2702, 879]","[1091, 1107]","[1003, 1020]","[1480, 1829]","[1467, 2470]","[2359, 1853]","[2373, 2500]","[2947, 446]","[2608, 604]","[1114, 718]","[963, 557]","[1356, 1480]","[1275, 2145]","[2309, 1540]","[2346, 2202]",0.4208101386098344,0.4018573817529227,0.5234209565081499,0.4951959129760648,0.4356943353148814,0.392208103884944,0.5396396321629456,0.4799095284765667,62,13.66,60.60896871462251,13.707725080048043
68,62_top_2418_20210609_2.jpg,62_side_2418_20210609_2.jpg,"[3628, 943]","[3124, 708]","[889, 769]",,"[1567, 1940]","[1574, 2624]","[2483, 1916]","[2527, 2601]","[3339, 668]","[2977, 524]","[1037, 460]",,"[1557, 1561]","[1497, 2158]","[2453, 1574]","[2524, 2181]",0.3140211441626154,,0.3811334760572974,,0.2929854588063589,,0.3412928193765241,,62,24.18,,
69,63_top_0_20210609_0.jpg,63_side_0_20210609_0.jpg,"[597, 1178]","[866, 1363]","[2739, 1097]","[2782, 1275]","[2336, 2574]","[2339, 1916]","[1416, 2547]","[1440, 1889]","[567, 1101]","[782, 1027]","[2789, 869]","[2779, 1020]","[2487, 2400]","[2386, 1678]","[1104, 2363]","[1295, 1668]",0.4087452973467617,0.4015941121598179,0.469942972851923,0.460151108671686,0.3615335388205988,0.3782175095067698,0.3946450965299699,0.411800902935368,63,0.0,64.54383155508312,
70,63_top_1010_20210610_0.jpg,63_side_1010_20210610_0.jpg,"[1208, 313]","[1110, 396]","[424, 388]","[395, 420]","[582, 776]","[574, 1047]","[934, 776]","[938, 1040]","[1168, 262]","[1082, 256]","[432, 313]","[386, 325]","[542, 676]","[503, 983]","[956, 695]","[1009, 996]",0.4253288337833715,0.4111494793661893,0.4880681409044523,0.4694121491096081,0.3990917607258274,0.3773982453646204,0.4491071560195546,0.4210357725313796,63,10.1,63.43343808468852,13.457846695880997
71,63_top_1212_20210609_1.jpg,63_side_1212_20210609_1.jpg,"[587, 883]","[980, 1171]","[2943, 906]","[2869, 1084]","[1289, 1883]","[1262, 2587]","[2238, 1886]","[2245, 2584]","[651, 651]","[1034, 789]","[2903, 638]","[2883, 728]","[1279, 1644]","[1218, 2426]","[2336, 1641]","[2463, 2383]",0.3824391959450756,0.3963770029083305,0.464126989867114,0.483509866790262,0.3589163958755414,0.3678265274005928,0.4423389720484694,0.452775587491206,63,12.12,63.4189108128754,13.707725080048043
72,64_top_2216_20210609_0.jpg,64_side_2216_20210609_0.jpg,"[527, 876]","[933, 1222]","[3208, 916]",,"[1514, 1923]","[1493, 2614]","[2436, 1920]","[2470, 2614]","[557, 722]","[909, 873]","[3178, 691]","[3198, 873]","[1457, 1775]","[1396, 2577]","[2524, 1779]","[2651, 2574]",0.3136347057027466,,0.3755659310087321,,0.3104850580329559,0.317634856861071,0.3663622007760517,0.3729409958457386,64,22.16,,
73,65_top_1070_20210610_0.jpg,65_side_1070_20210610_0.jpg,"[416, 1134]","[1141, 1138]","[3081, 849]","[3104, 909]","[1420, 1849]","[1379, 2591]","[2379, 1869]","[2403, 2594]","[530, 876]","[1111, 946]","[2970, 785]","[2923, 886]","[1410, 1728]","[1316, 2457]","[2436, 1775]","[2561, 2494]",0.3310014959765809,0.3292242950681895,0.4571733273486093,0.4527661200484802,0.3048325833360647,0.3182831738412094,0.4082896430821569,0.4263624020444885,65,10.7,65.77557589458954,13.707725080048043
74,65_top_1338_20210609_1.jpg,65_side_1338_20210609_1.jpg,"[816, 873]","[1302, 1074]","[3118, 869]","[3024, 997]","[1514, 1940]","[1460, 2614]","[2410, 1987]","[2396, 2671]","[1014, 644]","[1507, 913]","[3255, 634]","[3188, 769]","[1638, 1785]","[1544, 2584]","[2702, 1869]","[2816, 2675]",0.3619734743171545,0.3781556385136692,0.4654986175226959,0.4908970821698592,0.3369692107767918,0.3560329999385037,0.456709938824989,0.4825288639632567,65,13.38,64.65065515238182,13.707725080048043
75,65_top_1752_20210609_0.jpg,65_side_1752_20210609_0.jpg,"[621, 859]","[1014, 909]","[3020, 1171]","[2903, 1329]","[1446, 2007]","[1420, 2702]","[2366, 2024]","[2379, 2718]","[654, 718]","[1037, 772]","[3047, 873]","[2947, 1061]","[1383, 1836]","[1282, 2661]","[2480, 1869]","[2611, 2665]",0.360000453779053,0.3806050235000114,0.4305096904537742,0.4592414735560149,0.3322824377956124,0.3609173407812071,0.3978324129734709,0.4330396569579861,65,17.52,65.35728307599142,17.70277180352653
76,66_top_0_20210609_0.jpg,66_side_0_20210609_0.jpg,"[1688, 2696]","[1366, 2490]","[1370, 927]","[1428, 927]","[309, 2212]","[878, 2190]","[300, 1415]","[873, 1437]","[2661, 1168]","[2517, 1410]","[866, 1235]","[829, 1295]","[2410, 2467]","[2262, 1886]","[1252, 2507]","[1329, 1900]",0.3971914258230797,0.3959264863786639,0.457498536481261,0.4562642749944238,0.3724906387512602,0.3702706367349387,0.438649646074113,0.4344178873722975,66,0.0,65.35728307599142,
77,66_top_2822_20210610_0.jpg,66_side_2822_20210610_0.jpg,"[540, 1077]","[997, 1024]","[3168, 799]","[3104, 1024]","[1463, 1973]","[1433, 2510]","[2191, 1993]","[2185, 2534]","[718, 752]","[1148, 544]","[3084, 453]","[3054, 597]","[1463, 1876]","[1376, 2450]","[2262, 1920]","[2296, 2494]",0.2603765597781468,0.2680807450034563,0.3151053923314809,0.3254532536654018,0.2242687127315698,0.2330393453852647,0.2629290607365785,0.2725493467495226,66,28.22,71.33299785121939,30.013387837381625
78,67_top_1708_20210609_0.jpg,67_side_1708_20210609_0.jpg,"[3319, 279]","[2926, 628]","[725, 799]",,"[1329, 1910]","[1282, 2661]","[2329, 1940]","[2326, 2681]","[3041, 336]","[2769, 571]","[930, 826]",,"[1363, 1789]","[1262, 2561]","[2436, 1819]","[2551, 2604]",0.3576865391251607,,0.4235823554189659,,0.3502088477902458,,0.4155113307326706,,67,17.08,,
79,68_top_1586_20210609_0.jpg,68_side_1586_20210609_0.jpg,"[913, 258]","[1158, 618]","[3064, 581]","[3124, 587]","[1493, 1893]","[1450, 2611]","[2457, 1950]","[2440, 2655]","[1225, 564]","[1379, 624]","[2869, 584]","[2923, 591]","[1631, 1678]","[1564, 2332]","[2567, 1722]","[2665, 2393]",0.4217603913358442,0.4103138666723407,0.4826368340755376,0.4678935406859418,0.3987122921886264,0.3865276952285483,0.4447325955907021,0.4298380817277459,68,15.86,64.54383155508312,13.707725080048043
80,69_top_2518_20210610_0.jpg,69_side_2518_20210610_0.jpg,"[3369, 456]","[3047, 1024]","[708, 903]","[732, 1067]","[1648, 2051]","[1628, 2618]","[2410, 2067]","[2413, 2641]","[2886, 282]","[2661, 631]","[812, 708]","[893, 886]","[1591, 2000]","[1540, 2581]","[2436, 1987]","[2544, 2561]",0.2660994282097529,0.2700823485561303,0.3068264627714313,0.3115675374383609,0.2039933513452448,0.2239061611031224,0.2579293738813186,0.2797277707154665,69,25.18,75.86966106865889,32.300195438780264
81,70_top_1880_20210609_0.jpg,70_side_1880_20210609_0.jpg,"[3333, 735]","[2994, 1037]","[591, 913]","[624, 1040]","[1440, 2017]",,"[2413, 1953]","[2483, 2692]","[3228, 832]","[2963, 920]","[1027, 769]","[1040, 869]","[1614, 1785]","[1584, 2460]","[2524, 1792]","[2631, 2467]",,,,,0.3223840853115887,0.3285821341965162,0.3727138501412896,0.3792758700506374,70,18.8,,
82,70_top_2306_20210610_1.jpg,70_side_2306_20210610_1.jpg,"[329, 604]","[587, 936]","[3081, 752]","[3064, 893]","[1443, 1973]","[1389, 2567]","[2235, 2027]","[2215, 2624]","[379, 500]","[591, 477]","[2769, 507]","[2651, 725]","[1248, 1896]","[1111, 2541]","[2131, 1950]","[2124, 2608]",0.2608026925457345,0.2632940405102307,0.2935180446599656,0.2962272437175511,0.2521256704630591,0.2746751077668619,0.2754077431516148,0.3005710874778968,70,23.06,76.00834730319919,27.743047216048325
83,70_top_2442_20210611_0.jpg,70_side_2442_20210611_0.jpg,"[604, 1027]","[936, 1191]","[3074, 963]","[2994, 1094]","[1453, 1718]","[1457, 2292]","[2238, 1702]","[2262, 2279]","[527, 1034]","[819, 1020]","[2866, 792]","[2806, 936]","[1309, 1725]","[1259, 2329]","[2155, 1702]","[2222, 2306]",0.3077581189091979,0.3194346773822987,0.3564747351811068,0.3717591341032758,0.2949198063617566,0.3090494722730932,0.3378122181637235,0.354392689427335,70,24.42,72.4637637653416,25.276962136313372
84,70_top_2756_20210610_0.jpg,70_side_2756_20210610_0.jpg,"[661, 899]","[1118, 980]","[3168, 688]","[3155, 705]","[1527, 1943]","[1507, 2470]","[2242, 1943]","[2252, 2473]","[852, 732]","[1238, 664]","[3047, 305]","[3088, 386]","[1534, 2007]","[1470, 2618]","[2363, 2017]","[2433, 2631]",0.2593953180519718,0.2609109511247957,0.3194625138936092,0.321639462068538,0.2288751035400195,0.2289172360145481,0.278235405510851,0.276076237789872,70,27.56,71.33299785121939,30.013387837381625
85,74_top_3618_20210611_0.jpg,74_side_3618_20210611_0.jpg,"[3168, 681]","[2950, 1003]","[819, 953]",,"[1477, 1933]","[1480, 2463]","[2208, 1903]","[2235, 2450]","[3188, 748]","[3020, 742]","[997, 906]","[1034, 1050]","[1510, 1836]","[1463, 2420]","[2410, 1812]","[2534, 2389]",0.2905300244117719,,0.3243193453002906,,0.2776935405850935,0.2931171811773208,0.2994209091320383,0.3157456654829914,74,36.18,,
86,76_top_2472_20210610_0.jpg,76_side_2472_20210610_0.jpg,,"[534, 1027]","[3051, 792]","[2920, 1020]","[1446, 1416]","[1383, 2074]","[2383, 1490]","[2332, 2171]",,"[544, 1161]","[2705, 990]","[2634, 883]","[1309, 1393]","[1205, 1963]","[2228, 1349]","[2289, 1916]",,,0.373115164522769,0.3916917727579925,,,0.3843467426366621,0.3889429417650802,76,24.72,,
87,78_top_2894_20210611_0.jpg,78_side_2894_20210611_0.jpg,"[3182, 775]","[2957, 852]","[678, 792]","[832, 1081]","[1581, 1866]","[1567, 2426]","[2373, 1869]","[2373, 2450]",,"[2812, 805]","[711, 648]","[782, 859]","[1379, 1728]","[1238, 2359]","[2292, 1792]","[2306, 2453]",0.3055080476133188,0.3276020036252011,0.3360077267644611,0.3624934775835521,,,0.3164403791917154,0.3416190326096684,78,28.94,,
88,79_top_3072_20210610_1.jpg,79_side_3072_20210610_1.jpg,"[1957, 470]","[1800, 721]","[1876, 2951]",,"[811, 1469]","[296, 1424]","[770, 2140]","[264, 2127]","[477, 524]","[769, 487]","[3081, 265]","[2990, 262]","[1460, 1842]","[1379, 2457]","[2309, 1876]","[2353, 2487]",0.2430719902143171,,0.2734616425276558,,0.2113515934983011,0.2184714279331757,0.2376665595873354,0.2468813646837665,79,30.72,,
89,79_top_3944_20210610_0.jpg,79_side_3944_20210610_0.jpg,"[3386, 819]","[2994, 1081]","[524, 1077]","[769, 1339]","[1383, 1930]","[1359, 2510]","[2185, 1946]","[2178, 2534]","[3245, 839]","[2960, 883]","[584, 909]","[752, 1178]","[1356, 1866]","[1279, 2504]","[2228, 1863]","[2289, 2497]",0.2709629125601443,0.2991412529469379,0.31460582546547,0.3522068373067613,0.2472626681202867,0.2781326730675391,0.2785796187111938,0.3142674002477743,79,39.44,77.1391132173214,36.703651205585594
90,79_top_4066_20210611_0.jpg,79_side_4066_20210611_0.jpg,"[3614, 936]","[3279, 1171]","[758, 1124]","[893, 1369]","[1527, 2379]",,"[2369, 2366]",,"[3406, 634]","[3114, 618]","[678, 621]","[772, 822]","[1245, 1873]","[1111, 2604]","[2265, 1846]","[2346, 2571]",,,,,0.2401395891593431,0.2631754432812229,0.2681665809082619,0.2941276982815568,79,40.66,,
91,80_top_5056_20210611_0.jpg,80_side_5056_20210611_0.jpg,"[203, 481]","[363, 490]","[1179, 329]","[1143, 427]","[578, 817]","[580, 1021]","[854, 805]","[866, 1012]","[166, 386]","[326, 344]","[1208, 227]","[1186, 338]","[507, 750]","[458, 1021]","[885, 750]","[914, 1016]",0.2617022735306875,0.2751300892634942,0.3137351794065849,0.3319351435818388,0.2397711916460473,0.2603349561821269,0.2797473088641399,0.3018775439162969,80,50.56,77.1391132173214,38.99501782815641
92,83_top_3072_20210610_2.jpg,83_side_3072_20210610_2.jpg,"[3309, 973]","[3024, 1144]","[644, 1044]","[735, 1332]","[1399, 1792]","[1383, 2460]","[2299, 1799]","[2329, 2473]","[3235, 1020]","[2896, 1161]","[745, 923]","[836, 1185]","[1423, 1634]","[1342, 2285]","[2349, 1644]","[2426, 2292]",0.3174726224683598,0.3327164221370666,0.3581065348711238,0.376253445561154,0.3062724401890866,0.3327303043685063,0.3637830812357039,0.3944866177040709,83,30.72,72.4637637653416,25.276962136313372
93,83_top_3208_20210610_1.jpg,83_side_3208_20210610_1.jpg,"[3551, 604]","[3158, 708]","[312, 775]","[470, 1030]","[1376, 1973]","[1366, 2514]","[2114, 1963]","[2128, 2510]","[3440, 443]","[3071, 631]","[772, 577]","[852, 718]","[1503, 1913]","[1426, 2487]","[2299, 1943]","[2349, 2510]",0.210558329528156,0.2235023554479388,0.2403058069121808,0.2565806048148069,0.1813889201411779,0.194555023973362,0.2183994508092388,0.233784332041921,83,32.08,90.97517070343578,36.34146345566591
94,83_top_3380_20210610_0.jpg,83_side_3380_20210610_0.jpg,"[2266, 197]","[1854, 681]","[2140, 3027]","[1827, 3023]","[690, 1522]","[152, 1505]","[672, 2221]","[130, 2234]","[584, 268]","[832, 594]","[2839, 618]","[2836, 728]","[1483, 2054]","[1399, 2611]","[2252, 2077]","[2296, 2634]",0.2173224592894451,0.2211996461276129,0.2668657812994975,0.2709677781384926,0.1784517938760059,0.1850277742576157,0.2164781121592442,0.2231971017622881,83,33.8,83.1530729657358,34.59156206135109
95,85_top_3186_20210610_0.jpg,85_side_3186_20210610_0.jpg,"[3477, 2594]","[2984, 1889]","[534, 1759]","[765, 1493]","[2024, 678]","[2020, 134]","[1292, 698]","[1259, 144]",,"[1057, 315]","[3091, 691]","[2973, 819]","[1685, 2014]","[1628, 2574]","[2487, 2040]","[2574, 2614]",0.2262189663672521,0.2508078568083258,0.2753996095641066,0.3092059611126776,,,0.2045663344963809,0.2280902547876183,85,31.86,,
96,86_top_4066_20210610_0.jpg,86_side_4066_20210610_0.jpg,"[349, 594]","[618, 903]","[3359, 923]","[3306, 1114]","[1446, 2000]","[1457, 2557]","[2195, 1973]","[2225, 2520]","[574, 584]","[789, 540]","[3151, 550]","[3141, 668]","[1450, 1906]","[1440, 2490]","[2269, 1836]","[2406, 2400]",0.2357141585104305,0.2416809230136268,0.2599314766789566,0.2668502368874877,0.1892107411034664,0.1962952582163695,0.2040856074223764,0.2113298557878647,86,40.66,85.33096115408331,39.61789105461697
97,87_top_4226_20210610_0.jpg,87_side_4226_20210610_0.jpg,"[3366, 993]","[2994, 1138]","[470, 923]","[577, 1168]","[1396, 2047]","[1383, 2587]","[2104, 2037]","[2121, 2574]","[3051, 883]","[2762, 916]","[577, 755]","[654, 889]","[1299, 1997]","[1232, 2537]","[2047, 1977]","[2087, 2497]",0.2235680233302968,0.234881658482701,0.2582994232125724,0.2724404448406285,0.20654255537222,0.2195821737846367,0.2360094530486601,0.2511225892709493,87,42.26,87.14745871510239,36.34146345566591
98,88_top_0_20210609_0.jpg,88_side_0_20210609_0.jpg,"[1070, 3130]","[1196, 2861]","[734, 645]","[1057, 824]","[1997, 2293]","[2584, 2315]","[2011, 1545]","[2579, 1531]","[275, 956]","[607, 913]","[2994, 631]","[2863, 936]","[1225, 1836]","[1114, 2591]","[2255, 1839]","[2379, 2571]",0.273817216995761,0.2990730128870517,0.3098180232807477,0.3407865707964568,0.2557590559190122,0.2888031083566234,0.2911012393684981,0.3285217077200329,88,0.0,77.1391132173214,
99,93_top_4160_20210610_0.jpg,93_side_4160_20210610_0.jpg,"[672, 318]","[882, 690]","[913, 3220]","[1146, 3117]","[2127, 2100]","[2664, 2136]","[2136, 1424]","[2682, 1411]","[3178, 571]","[2876, 648]","[755, 607]","[826, 789]","[1527, 1963]","[1430, 2460]","[2255, 2017]","[2272, 2524]",0.191344854307553,0.2027600652961599,0.2229219368259101,0.2366695071373674,0.1701740894276982,0.185483839388514,0.1984481500569374,0.2155338726432559,93,41.6,92.00926874412129,40.09418450663988
100,98_top_7774_20210610_0.jpg,98_side_7774_20210610_0.jpg,"[1500, 139]","[1585, 640]","[1630, 3126]","[1402, 2942]","[479, 1531]",,"[448, 2149]",,"[299, 779]","[708, 852]","[3141, 822]","[2950, 1003]","[1527, 2141]","[1420, 2675]","[2312, 2188]","[2353, 2732]",,,,,0.14518307572175,0.1671469379654015,0.1734328207208381,0.1998396849759069,98,77.74,,
101,102_top_0_20210609_0.jpg,102_side_0_20210609_0.jpg,"[3635, 980]","[3168, 1238]","[356, 953]","[577, 1188]","[1440, 2030]","[1420, 2661]","[2245, 2017]","[2279, 2638]","[3578, 1030]","[3275, 1114]","[440, 789]","[581, 1064]","[1349, 1876]","[1242, 2530]","[2356, 1896]","[2504, 2564]",0.2176659795735093,0.2370770668987821,0.2583233383697909,0.2837453290625875,0.1995862963410949,0.2282786968946467,0.228375374247848,0.2595061580476976,102,0.0,91.11385693797608,
102,105_top_0_20210609_0.jpg,105_side_0_20210609_0.jpg,"[3611, 1346]","[3161, 1584]","[799, 1624]",,"[1430, 2259]",,"[2141, 2158]","[2242, 2705]","[3618, 916]","[3141, 1144]","[450, 1138]",,"[1040, 1863]","[923, 2470]","[1970, 1802]","[2051, 2373]",,,,,0.2121328735205618,,0.2589473462234747,,105,0.0,,
103,122_top_14346_20210610_0.jpg,122_side_14346_20210610_0.jpg,"[178, 1604]","[443, 1624]","[3460, 933]","[3212, 1346]","[1517, 2098]","[1460, 2587]","[2151, 2155]","[2124, 2641]","[57, 1554]","[329, 1319]","[3484, 819]","[3319, 1077]","[1423, 2030]","[1352, 2564]","[2215, 2020]","[2275, 2561]",0.1815820150161532,0.1986014998025529,0.1987625690758755,0.2183539595670038,0.1710352838585049,0.1885577018369237,0.1784168966875221,0.1975602368798003,122,143.46,120.6564696398096,139.68043637859387
104,134_top_0_20210609_0.jpg,134_side_0_20210609_0.jpg,"[1119, 3515]","[958, 3148]","[1164, 152]","[887, 269]","[636, 1643]","[152, 1688]","[708, 2293]","[215, 2382]","[3554, 1614]","[3104, 1470]","[87, 1383]","[168, 1665]","[1520, 1997]","[1467, 2440]","[2225, 1936]","[2296, 2379]",0.1843471155627903,0.1924114726533334,0.2114046502395808,0.2206614936811039,0.166410730034091,0.1814781571777216,0.1848216182384854,0.2007803866590502,134,0.0,130.63299330360294,
105,165_top_0_20210609_0.jpg,165_side_0_20210609_0.jpg,"[1988, 282]","[1675, 421]","[1737, 3466]","[1384, 3309]","[582, 1724]","[103, 1711]","[582, 2333]","[85, 2355]",,"[295, 748]","[3484, 742]","[3366, 1104]","[1608, 1886]","[1540, 2396]","[2359, 1913]","[2416, 2436]",0.162917107782684,0.1765110651469917,0.1735759646757879,0.1879978416173084,,,0.1478622153706286,0.1691233872423331,165,0.0,,
